stat,est
M,0.14479990527617412
H,0.1414765103269183
